Country Name,LE Mean,GDP Mean
"Cuba",73.32546774193548,3558.8074136629666
"Chile",71.47398387096777,5347.156191331952
"Angola",46.675645161290305,1688.8900855427742
"Switzerland",77.76344217151848,43323.58467458464
"Kenya",57.186999999999976,580.7165627781957
"Poland",72.48442171518485,8887.327424874642
"Fiji",64.47937096774193,2272.3038632221833
"St. Martin (French part)",74.65953225806453,21632.3041807741
"Malta",75.32725216365067,12114.410755505553
"Panama",71.14835483870968,4711.374202524675
"Uruguay",72.93209677419355,5907.001504874283
"Iran, Islamic Rep.",62.91601612903225,2653.6478764174417
"Djibouti",54.25766129032257,1313.8265780829815
"Yemen, Rep.",54.784112903225804,760.2812041485006
"Liechtenstein",80.7997386759582,78440.65265310169
"New Caledonia",70.19413414634145,17626.965962815324
"Cabo Verde",64.32648387096773,1938.19230568693
"Kiribati",60.0672741935484,931.3726869275325
"Brazil",65.47354838709676,3935.3412024995296
"Chad",45.49469354838708,364.44646301911735
"Rwanda",51.2875806451613,307.10181115305727
"Ecuador",67.26950000000001,2441.6828779708044
"Libya",65.02304838709678,8269.621509008439
"St. Kitts and Nevis",66.08214516129031,7559.438331270371
"Iceland",78.25886073957511,27271.931670505594
"Greenland",67.3277716186253,24176.32290024461
"Ukraine",69.27056215578287,2135.796831403461
"Spain",77.00258064516129,13655.673042439856
"Burkina Faso",48.5243870967742,333.1235613430621
"Cayman Islands",82.190243902439,82073.69592790552
"Bhutan",54.910451612903216,1312.1354472446842
"Congo, Dem. Rep.",49.32816129032258,317.302268917586
"Tonga",66.78458064516128,2163.6783666900346
"Lebanon",68.94116129032257,4995.848047789199
"Peru",64.62904838709677,2346.731062402642
"Virgin Islands (U.S.)",71.89835444531865,37100.52535936726
"Guyana",63.20125806451613,1877.1420431942302
"Mauritius",67.65476160503542,4862.600127700649
"Croatia",72.29280527143982,10991.722279879637
"Venezuela, RB",69.24582258064518,4114.993085963115
"Netherlands",77.20417781274587,24183.33377980244
"Haiti",53.90885483870967,553.5063553759874
"Saudi Arabia",65.93080645161291,11530.636825900965
"Japan",78.03736034618413,22985.270228937276
"Egypt, Arab Rep.",61.3350806451613,1239.9813649842106
"Nauru",60.53319354838709,8922.841960964346
"Belgium",75.7994177812746,21671.9227402542
"Aruba",71.81220967741936,21433.32309774517
"Korea, Rep.",71.03494374508263,10698.526897427413
"Syrian Arab Republic",66.58783870967741,2567.4341642259465
"Uzbekistan",64.85004838709676,1201.2474776128759
"Marshall Islands",61.46554838709677,2637.2583639018044
"Vanuatu",63.65025806451612,1815.0039122294418
"West Bank and Gaza",71.79374999999999,2270.586680566304
"Channel Islands",76.5984677419355,55338.851844110104
"Ghana",55.044870967741936,670.8367200591572
"Seychelles",71.75557491289202,6234.864694840184
"Pakistan",59.0040806451613,528.2750523326205
"Iraq",63.26843548387097,2471.0161559353373
"Tunisia",66.25446774193546,2046.173463816192
"French Polynesia",72.5972258064516,13242.59438167064
"Czechia",73.30939024390244,13681.522079775228
"Jamaica",69.93896774193544,2566.646652904215
"United States",74.86616837136114,27416.631579210727
"Romania",70.42766404405978,5670.0687210441765
"Bulgaria",71.90118410700236,4315.781127923715
"Sierra Leone",45.39812903225807,277.9195927422089
"Slovak Republic",72.48306451612903,11729.618314137557
"Singapore",75.22376868607397,21300.244165945598
"Gambia, The",50.80032258064515,442.10102618478817
"Guinea",47.949709677419335,580.9017382708477
"Cyprus",73.77443548387096,16380.585210272606
"Kosovo",70.83246774193547,3789.4059185669976
"Macao SAR, China",76.71151612903226,32297.53966849954
"Somalia",48.27027419354839,172.8415202954115
"St. Vincent and the Grenadines",70.48746774193549,3045.2181648281935
"Viet Nam",67.58630645161293,1202.064889717746
"Latvia",70.64607002360347,10543.29995351743
"Suriname",64.56150000000001,2930.1611436604862
"Samoa",66.59980645161292,2198.97415460094
"Benin",51.336548387096805,504.54390047136314
"France",76.65924468922107,20527.537133860176
"Paraguay",67.41037096774195,2315.1319416641495
"Micronesia, Fed. Sts.",66.39422580645162,2319.9594172839466
"Equatorial Guinea",49.653854838709655,4058.5438849293782
"Albania",71.50090322580645,2447.220633439337
"Portugal",73.5881113296617,9897.462465623368
"Qatar",72.52979032258064,35214.26816918058
"Italy",76.82639653815895,17497.01559125366
"Denmark",75.94804878048781,31025.33955560078
"Dominican Republic",64.83879032258065,2577.4898831911846
"Tuvalu",60.145806451612906,2571.8658721957227
"Ethiopia",48.861467741935485,325.4858563358432
"Dominica",69.4598225806452,4551.461709454502
"Botswana",57.627677419354846,2770.5481748376296
"Bermuda",74.87191935483871,43742.28870534003
"Sweden",77.92984657749804,27148.782002236894
"Nepal",55.063596774193535,314.699133779356
"Trinidad and Tobago",68.77520967741935,7104.842221507946
"Maldives",62.367806451612914,4104.007706448263
"Luxembourg",75.27309008654605,47049.56567467051
"Madagascar",54.25829032258064,333.01565992408024
"Palau",70.13420731707318,11563.872918702493
"Russian Federation",67.99346459480724,6876.183708639706
"Papua New Guinea",58.381645161290315,1024.7331451791686
"Faroe Islands",79.01566110397945,46247.90060408352
"Kyrgyz Republic",64.39793587726199,748.7491917131242
"Nigeria",45.9663064516129,989.1592983950019
"Curacao",71.75965297389818,18853.379656189598
"St. Lucia",68.69027419354839,6178.561863045124
"Greece",76.48297757671125,11044.481463278675
"Eswatini",52.95129032258065,1629.0958987574193
"Australia",76.82360346184106,23045.069233712948
"Cote d'Ivoire",50.745032258064526,1029.1759788494903
"Serbia",70.2389114870181,4942.440735652928
"Bahamas, The",69.46875806451614,14578.245644626455
"Germany",75.45309480723841,25770.65317497362
"Austria",75.49940991345396,22715.736300513985
"China",66.57020967741934,2089.2458454905122
"Afghanistan",47.91503225806451,300.05562241292546
"Morocco",60.665645161290335,1488.3870719171343
"Lao PDR",53.9968064516129,930.0174051027374
"Cameroon",52.3452258064516,844.0537175435813
"Sudan",53.97061290322581,712.2117790714392
"Georgia",68.2585806451613,2427.1391968026533
"Barbados",72.46951612903224,10476.293320892268
"Hong Kong SAR, China",77.2632124311566,17789.05169895945
"Montenegro",72.75060660896932,5973.720744251701
"Hungary",71.09963414634147,10195.64255278336
"New Zealand",76.07896931549965,17125.613304153605
"Togo",52.73583870967744,458.730554618325
"Argentina",71.07735483870967,5617.756753597606
"United Arab Emirates",69.70066129032256,34461.21349490338
"Mali",45.34762903225806,370.11873314760464
"Zambia",52.337758064516144,675.651512805369
"Eritrea",51.483370967741934,365.8614703233103
"Liberia",48.108677419354834,511.53336453554124
"Bolivia",56.434870967741944,1119.1713249239187
"Indonesia",61.364258064516136,1336.0009029996472
"Philippines",66.04582258064515,1176.8611663092952
"Malaysia",69.59362903225808,4008.743880279136
"Timor-Leste",46.55641935483871,981.9178656459827
"Solomon Islands",63.26925806451612,1079.9960618306404
"Guam",71.33290322580642,30454.658871035983
"Central African Republic",47.84150000000001,291.7834585600698
"Nicaragua",61.8976935483871,893.6084081944103
"Isle of Man",72.15612903225805,53848.599810279215
"Niger",46.004241935483876,303.1854606768012
"Azerbaijan",63.57130645161289,3007.71120268899
"Finland",75.3910267505901,22859.745835220292
"Malawi",46.451532258064496,387.12284323944505
"Turkiye",66.5373870967742,4105.592792710211
"Namibia",56.26037096774193,3300.5118457695257
"Mozambique",47.18127419354839,414.5599046758408
"Zimbabwe",54.743532258064526,748.756091689953
"Senegal",53.88741935483871,802.6278461812033
"Uganda",50.17604838709676,335.01166069831373
"India",58.14659677419354,598.8302126600978
"Myanmar",56.858338709677426,306.04176167259504
"El Salvador",61.533435483870974,1725.398381620338
"Mongolia",59.55930645161289,1893.132536317135
"Sri Lanka",69.72787096774196,1173.5022950705193
"South Africa",59.196661290322574,3508.0097552540633
"Norway",77.52097560975615,36598.67917381951
"Burundi",48.35019354838709,161.55486986268613
"Guinea-Bissau",47.47985483870969,338.8747198054934
"Sao Tome and Principe",60.04762903225808,1317.908592411129
